{"cameraMode":{"drawMode":0,"name":"Shaded","section":"Shading Mode"},"sceneLighting":true,"audioPlay":false,"sceneViewState":{"showFog":true,"showMaterialUpdate":false,"showSkybox":true,"showFlares":true,"showImageEffects":true,"showParticleSystems":true},"in2DMode":false,"pivot":{"x":661.5400390625,"y":657.5999755859375,"z":0.0},"rotation":{"x":-0.0014851419255137444,"y":0.9871529936790466,"z":-0.009190612472593785,"w":-0.15950658917427064},"size":329.9515380859375,"orthographic":false}