{"cameraMode":{"drawMode":0,"name":"Shaded","section":"Shading Mode"},"sceneLighting":false,"audioPlay":false,"sceneViewState":{"showFog":true,"showMaterialUpdate":false,"showSkybox":true,"showFlares":true,"showImageEffects":true,"showParticleSystems":true},"in2DMode":false,"pivot":{"x":395.2912902832031,"y":368.9643859863281,"z":-5.553510665893555},"rotation":{"x":-0.10732690989971161,"y":-0.05366664007306099,"z":-0.005801810882985592,"w":0.9927574396133423},"size":11.15050220489502,"orthographic":false}