{"cameraMode":{"drawMode":0,"name":"Shaded","section":"Shading Mode"},"sceneLighting":true,"audioPlay":false,"sceneViewState":{"showFog":true,"showMaterialUpdate":false,"showSkybox":true,"showFlares":true,"showImageEffects":true,"showParticleSystems":true},"in2DMode":false,"pivot":{"x":-27.2548828125,"y":-1.045320987701416,"z":-22.90022087097168},"rotation":{"x":-0.10304617881774903,"y":0.42594194412231448,"z":-0.048902422189712527,"w":-0.8975319266319275},"size":19.573211669921876,"orthographic":false}